Kategori,Klien,Bulan,Judul / URL,Deadline,Catatan,Draft,Live
OVERDUE,GRC,August 2026,Update landing page : https://ipqi.org/training-leadership/,2026-08-24,hari telat: 37,https://docs.google.com/document/d/1VVyWwPMoeNROhpELpe3_DH0AYzLUSFADSjZlR3plMak/edit?usp=sharing,
OVERDUE,IPQI,August 2026,Update landing page: https://ipqi.org/training-balanced-scorecard/,2026-08-17,hari telat: 44,https://docs.google.com/document/d/1VVyWwPMoeNROhpELpe3_DH0AYzLUSFADSjZlR3plMak/edit?usp=sharing,
OVERDUE,IPQI,August 2026,Update landing page: https://ipqi.org/training-leadership/,2026-08-24,hari telat: 37,https://docs.google.com/document/d/1VVyWwPMoeNROhpELpe3_DH0AYzLUSFADSjZlR3plMak/edit?usp=sharing,
OVERDUE,Strategy.Proxsis,August 2026,Bagaimana integrasi risk reporting dengan proses bisnis organisasi?,2026-08-07,hari telat: 54,https://docs.google.com/document/d/1ZJ21MYB2k6xW5COQNaecEhINldWYZS78MShwkVt0Bvc/edit?usp=sharing,
OVERDUE,Strategy.Proxsis,August 2026,Bagaimana menyusun RJPP yang adaptif pasca restrukturisasi perusahaan?,2026-08-13,hari telat: 48,https://docs.google.com/document/d/1_EeYGY2D2gWTgIPBm_0CCjllrWqbqeshSgW3m3XV7BI/edit?usp=sharing,
OVERDUE,Strategy.Proxsis,August 2026,Kapan sebuah perusahaan/organisasi benar-benar membutuhkan PMO?,2026-08-14,hari telat: 47,https://docs.google.com/document/d/1afyPqAgZE6WVm-nEIH8N5hNKsmr5b2M_SFmjS9SBwYM/edit?usp=sharing,
OVERDUE,Strategy.Proxsis,August 2026,Panduan Lengkap Feasibility Study untuk Sukses Bisnis,2026-08-19,hari telat: 42,https://docs.google.com/document/d/17OyobOmR2huCmOTec1jBCIqv3EGAEeFIkj8sO9t70AY/edit?usp=sharing,
OVERDUE,Strategy.Proxsis,August 2026,Cara Menyusun Contingency Plan untuk Lindungi Bisnis Anda,2026-08-20,hari telat: 41,https://docs.google.com/document/d/1wswPDPVBOuaU8PfekorOtglqw1zsp5CqQZEK9hZHupE/edit?usp=sharing,
OVERDUE,Strategy.Proxsis,August 2026,Penerapan Enterprise Risk Management untuk Amankan Bisnis,2026-08-21,hari telat: 40,https://docs.google.com/document/d/1gAfH2s-3aiMP1WnytDCUDA2bwiWZTI5_B1WbPxApI04/edit?usp=sharing,
OVERDUE,Strategy.Proxsis,August 2026,Optimalisasi Kerja Menggunakan Business Process Flows,2026-08-24,hari telat: 37,https://docs.google.com/document/d/1WASGdUqGe44X6lhPZ94NrxRfebrCzmk1IlGggr60_J8/edit?usp=sharing,
OVERDUE,Strategy.Proxsis,August 2026,Desain Alur Kerja Operasional Universitas RI Lewat BPMN,2026-08-27,hari telat: 34,https://docs.google.com/document/d/1fp3S6Ssmif4AnTGPS2y9_sMZX41dCZdpJAa4HRIM1tI/edit?usp=sharing,
OVERDUE,Strategy.Proxsis,August 2026,Mengukur Performa Universitas RI dengan Balanced Scorecard,2026-08-28,hari telat: 33,https://docs.google.com/document/d/1kpGVXEFu1G3o7VUCFLfLTmneFI750SJ1kMdmw8WRUh4/edit?usp=sharing,
OVERDUE,Strategy.Proxsis,August 2026,TIPS BISNIS TETAP UNGGUL DI ERA AI,2026-08-31,hari telat: 30,https://docs.google.com/document/d/1b3AsmOjBVIS8endjW3SmgthrS3uNg88z94v2kNN4Xpk/edit?usp=sharing,
OVERDUE,Strategy.Proxsis,September 2026,"Ketika 7 Anak Usaha Punya 7 Strategi Berbeda: Autopsi Eksekusi di Group Keluarga Beromzet Rp3,2 T",2026-09-07,hari telat: 23,https://docs.google.com/document/d/11avgSVhRYNAppdLPQLl0r3eunYRZHe4KO5yAMo-FoYM/edit?usp=sharing,
OVERDUE,Strategy.Proxsis,September 2026,Danantara Mengubah Aturan Main: Studi Kasus Emiten Anak BUMN yang Baru Sadar GCG-nya Sebatas Copy-Paste SOP,2026-09-13,hari telat: 17,https://docs.google.com/document/d/1I2afXTLkH8fec0YFt-S1yvNIEWdEDXJfGgWwHqKsxFk/edit?usp=sharing,
OVERDUE,Strategy.Proxsis,September 2026,Rencana Strategis Bocor 37%: Ini 3 Titik Kegagalannya,2026-09-14,hari telat: 16,https://docs.google.com/document/d/16XQU6gYO4bWy_mTciHoeD2Cg9vtjSFroDrxuPz3MYes/edit?usp=sharing,
OVERDUE,Strategy.Proxsis,September 2026,"Laba Rp3,5 T Menguap: Anatomi Gagalnya Tata Kelola Emiten",2026-09-19,hari telat: 11,https://docs.google.com/document/d/1wQWww3OMuT21R9CQKbodtdXGy0ovquK6o5NzF65qqPA/edit?usp=sharing,
OVERDUE,Strategy.Proxsis,September 2026,Mitos 70% Transformasi Gagal dan Bahaya di Baliknya,2026-09-20,hari telat: 10,https://docs.google.com/document/d/1LAcTV5W60bCGivJxjj0KWLUZOzL3SNW-vMs3-wnr5n8/edit?usp=sharing,
OVERDUE,Strategy.Proxsis,September 2026,Pedoman Tata Kelola AI Korporasi: Membangun AI Risk Management Framework Berbasis Standar Global untuk Sektor Keuangan dan BUMN,2026-09-21,hari telat: 9,https://docs.google.com/document/d/12pVtVvpzQr-qAjN8sBEo-G-euB9YcFzQwTScbU5SINc/edit?usp=sharing,
OVERDUE,Strategy.Proxsis,September 2026,7 Celah Korupsi dalam Pengadaan Barang/Jasa Korporat dan Cara Menutupnya dengan ISO 37001,2026-09-24,hari telat: 6,https://docs.google.com/document/d/1qPEIRlcvPU7bx7nauo7TFHsFLphPvrBxejNSD6A5SlM/edit?usp=sharing,
OVERDUE,Strategy.Proxsis,September 2026,Ketika Pabrik Lumpuh Bukan Karena Mesin Rusak: Mengapa Business Continuity Management (ISO 22301) Harus Menjangkau Operational Technology (OT),2026-09-27,hari telat: 3,https://docs.google.com/document/d/1m0ZXkegKTyqQGy-NH1JbEMUog-90U3pi0newiJsn6Vk/edit?usp=sharing,
OVERDUE,Strategy.Proxsis,September 2026,CBAM 2026 Menghantam Eksportir Nasional: Bagaimana Audit Emisi Scope 3 Menentukan Hidup-Matinya Kontrak Global,2026-09-28,hari telat: 2,https://docs.google.com/document/d/1vPhvXwYi2CyQFYNSSp3UWGEHsZH6ntCvVKXm74v5koI/edit?usp=sharing,
404,ISC,,https://indonesiasafetycenter.org/gelar-pelatihan-hazops-bnsp-isc-safety-school-gandeng-pt-halmahera-persada-lygend-dan-itb-perkuat-safety-industri/,,halaman hilang,,https://indonesiasafetycenter.org/gelar-pelatihan-hazops-bnsp-isc-safety-school-gandeng-pt-halmahera-persada-lygend-dan-itb-perkuat-safety-industri/
404,SSI,,https://synergysolusi.com/gaji-operator-excavator-ikn,,halaman hilang,,https://synergysolusi.com/gaji-operator-excavator-ikn
404,SSI,,https://synergysolusi.com/artikel-qhse/audit-disnaker-pabrik/,,halaman hilang,,https://synergysolusi.com/artikel-qhse/audit-disnaker-pabrik/
404,Icicert,,https://icicert.com/panduan-training-internal-auditor-iso-45001-jakarta/,,halaman hilang,,https://icicert.com/panduan-training-internal-auditor-iso-45001-jakarta/
404,Icicert,,https://icicert.com/firewater-runoff-audit-iso-14001-iso-45001/,,halaman hilang,,https://icicert.com/firewater-runoff-audit-iso-14001-iso-45001/
404,Icicert,,https://icicert.com/jerat-pidana-keracunan-katering-audit-haccp-iso-22000/,,halaman hilang,,https://icicert.com/jerat-pidana-keracunan-katering-audit-haccp-iso-22000/
DOMAIN MATI,Talkactive,,https://talkactive.co.id/bukan-sekedar-manis-di-bibir-5-teknik-komunikasi-persuasif-yang-bikin-customer-otomatis-closing/,,talkactive.co.id NXDOMAIN,,https://talkactive.co.id/bukan-sekedar-manis-di-bibir-5-teknik-komunikasi-persuasif-yang-bikin-customer-otomatis-closing/
DOMAIN MATI,Talkactive,,https://talkactive.co.id/tips-merancang-capacity-building-tim-hybrid/,,talkactive.co.id NXDOMAIN,,https://talkactive.co.id/tips-merancang-capacity-building-tim-hybrid/
DOMAIN MATI,Talkactive,,https://talkactive.co.id/outbound-class-solusi-burnout-karyawan/,,talkactive.co.id NXDOMAIN,,https://talkactive.co.id/outbound-class-solusi-burnout-karyawan/
DOMAIN MATI,Talkactive,,https://talkactive.co.id/tips-public-speaking-kekinian-susun-materi-cepat-bicara-tetap-berjiwa/,,talkactive.co.id NXDOMAIN,,https://talkactive.co.id/tips-public-speaking-kekinian-susun-materi-cepat-bicara-tetap-berjiwa/
DOMAIN MATI,Talkactive,,https://talkactive.co.id/strategi-komunikasi-krisis-pr/,,talkactive.co.id NXDOMAIN,,https://talkactive.co.id/strategi-komunikasi-krisis-pr/
DOMAIN MATI,Talkactive,,https://talkactive.co.id/pelatihan-communication-skill-makassar/,,talkactive.co.id NXDOMAIN,,https://talkactive.co.id/pelatihan-communication-skill-makassar/
DOMAIN MATI,Talkactive,,https://talkactive.co.id/pelatihan-service-excellence-balikpapan-frontliner/,,talkactive.co.id NXDOMAIN,,https://talkactive.co.id/pelatihan-service-excellence-balikpapan-frontliner/
DOMAIN MATI,Talkactive,,https://talkactive.co.id/kelas-leadership-jayapura-supervisor-team-leader/,,talkactive.co.id NXDOMAIN,,https://talkactive.co.id/kelas-leadership-jayapura-supervisor-team-leader/
DOMAIN MATI,Talkactive,,https://talkactive.co.id/pelatihan-presentation-skill-pontianak-profesional/,,talkactive.co.id NXDOMAIN,,https://talkactive.co.id/pelatihan-presentation-skill-pontianak-profesional/
DOMAIN MATI,Talkactive,,https://talkactive.co.id/trik-tangani-komplain-pelanggan-profesional/,,talkactive.co.id NXDOMAIN,,https://talkactive.co.id/trik-tangani-komplain-pelanggan-profesional/
DOMAIN MATI,Talkactive,,https://talkactive.co.id/materi-communication-skill-training-untuk-karyawan/,,talkactive.co.id NXDOMAIN,,https://talkactive.co.id/materi-communication-skill-training-untuk-karyawan/
DOMAIN MATI,Talkactive,,https://talkactive.co.id/materi-service-excellence-frontliner-kalimantan/,,talkactive.co.id NXDOMAIN,,https://talkactive.co.id/materi-service-excellence-frontliner-kalimantan/
DOMAIN MATI,Talkactive,,https://talkactive.co.id/training-service-excellent-tim-pelayanan-makassar/,,talkactive.co.id NXDOMAIN,,https://talkactive.co.id/training-service-excellent-tim-pelayanan-makassar/
DOMAIN MATI,Talkactive,,https://talkactive.co.id/pelatihan-service-excellent-papua-layanan-publik/,,talkactive.co.id NXDOMAIN,,https://talkactive.co.id/pelatihan-service-excellent-papua-layanan-publik/
DOMAIN MATI,Talkactive,,https://talkactive.co.id/capacity-building-kalimantan-tim-perusahaan/,,talkactive.co.id NXDOMAIN,,https://talkactive.co.id/capacity-building-kalimantan-tim-perusahaan/
DOMAIN MATI,Talkactive,,https://talkactive.co.id/pelatihan-capacity-building-sulawesi-leadership/,,talkactive.co.id NXDOMAIN,,https://talkactive.co.id/pelatihan-capacity-building-sulawesi-leadership/
DOMAIN MATI,Talkactive,,https://talkactive.co.id/pelatihan-capacity-building-papua-instansi-ngo/,,talkactive.co.id NXDOMAIN,,https://talkactive.co.id/pelatihan-capacity-building-papua-instansi-ngo/
DOMAIN MATI,Talkactive,,https://talkactive.co.id/pelatihan-presentasi-balikpapan-tidak-membosankan/,,talkactive.co.id NXDOMAIN,,https://talkactive.co.id/pelatihan-presentasi-balikpapan-tidak-membosankan/
TANPA SITEMAP,Strategy.Proxsis,,https://strategy.proxsisgroup.com/insight/strategi-bisnis-ukm-2026-digital-berkelanjutan,,hidup tapi tidak di sitemap,,https://strategy.proxsisgroup.com/insight/strategi-bisnis-ukm-2026-digital-berkelanjutan
TANPA SITEMAP,SSP,,https://synergysolusi.com/english/latest-event/pelatihan-operator-handpallet-pt-yamaha-music-manufacturing-asia-keselamatan-kerja/,,hidup tapi tidak di sitemap,,https://synergysolusi.com/english/latest-event/pelatihan-operator-handpallet-pt-yamaha-music-manufacturing-asia-keselamatan-kerja/
TANPA SITEMAP,SSI,,https://synergysolusi.com/english/latest-event/pelatihan-p3k-balikpapan-2026/,,hidup tapi tidak di sitemap,,https://synergysolusi.com/english/latest-event/pelatihan-p3k-balikpapan-2026/
TANPA SITEMAP,SSI,,https://synergysolusi.com/english/latest-event/pelatihan-teknisi-ruang-terbatas-balikpapan-2026/,,hidup tapi tidak di sitemap,,https://synergysolusi.com/english/latest-event/pelatihan-teknisi-ruang-terbatas-balikpapan-2026/
TANPA SITEMAP,SSI,,https://synergysolusi.com/english/latest-event/pelatihan-operator-towing-pt-yamaha-music-manufacturing-asia-2026/,,hidup tapi tidak di sitemap,,https://synergysolusi.com/english/latest-event/pelatihan-operator-towing-pt-yamaha-music-manufacturing-asia-2026/
TANPA SITEMAP,SSI,,https://synergysolusi.com/english/latest-event/pelatihan-petugas-k3-kimia-januari-februari-2026/,,hidup tapi tidak di sitemap,,https://synergysolusi.com/english/latest-event/pelatihan-petugas-k3-kimia-januari-februari-2026/
TANPA SITEMAP,SSI,,https://synergysolusi.com/english/latest-event/pelatihan-petugas-peran-kebakaran-surabaya-januari-2026/,,hidup tapi tidak di sitemap,,https://synergysolusi.com/english/latest-event/pelatihan-petugas-peran-kebakaran-surabaya-januari-2026/
TANPA SITEMAP,SSI,,https://synergysolusi.com/english/latest-event/pelatihan-kebakaran-kelas-d-pt-lf-service-indonesia/,,hidup tapi tidak di sitemap,,https://synergysolusi.com/english/latest-event/pelatihan-kebakaran-kelas-d-pt-lf-service-indonesia/
TANPA SITEMAP,SSI,,https://synergysolusi.com/english/latest-event/training-operator-reach-stacker-pt-mitra-prodin/,,hidup tapi tidak di sitemap,,https://synergysolusi.com/english/latest-event/training-operator-reach-stacker-pt-mitra-prodin/
TANPA SITEMAP,SSI,,https://synergysolusi.com/english/latest-event/pelatihan-tenaga-kerja-bangunan-tinggi-tingkat-2-pt-aneka-jasa-grhadika/,,hidup tapi tidak di sitemap,,https://synergysolusi.com/english/latest-event/pelatihan-tenaga-kerja-bangunan-tinggi-tingkat-2-pt-aneka-jasa-grhadika/
TANPA SITEMAP,SSI,,https://synergysolusi.com/english/latest-event/pelatihan-teknisi-ruang-terbatas-pt-vopak-terminal-merak/,,hidup tapi tidak di sitemap,,https://synergysolusi.com/english/latest-event/pelatihan-teknisi-ruang-terbatas-pt-vopak-terminal-merak/
TANPA SITEMAP,ITGID,,https://itgid.org/biaya-sertifikasi-ecsa-2026-indonesia/,,hidup tapi tidak di sitemap,,https://itgid.org/biaya-sertifikasi-ecsa-2026-indonesia/
TANPA SITEMAP,ITGID,,https://itgid.org/tips-memilih-kursus-ecsa-advance-ethical-hacking-dan-penetration-test-indonesia/,,hidup tapi tidak di sitemap,,https://itgid.org/tips-memilih-kursus-ecsa-advance-ethical-hacking-dan-penetration-test-indonesia/
TANPA SITEMAP,ITGID,,https://itgid.org/tips-implementasi-kebijakan-keamanan-informasi-untuk-startup-digital-indonesia/,,hidup tapi tidak di sitemap,,https://itgid.org/tips-implementasi-kebijakan-keamanan-informasi-untuk-startup-digital-indonesia/
TANPA SITEMAP,ITGID,,https://itgid.org/persyaratan-training-ecsa-ec-council/,,hidup tapi tidak di sitemap,,https://itgid.org/persyaratan-training-ecsa-ec-council/
TANPA SITEMAP,ITGID,,https://itgid.org/apa-itu-ethical-hacking-dan-mengapa-penting/,,hidup tapi tidak di sitemap,,https://itgid.org/apa-itu-ethical-hacking-dan-mengapa-penting/
TANPA SITEMAP,ITGID,,https://itgid.org/kode-etik-ethical-hacking/,,hidup tapi tidak di sitemap,,https://itgid.org/kode-etik-ethical-hacking/
TANPA SITEMAP,ITGID,,https://itgid.org/keterampilan-menjadi-ethical-hacker/,,hidup tapi tidak di sitemap,,https://itgid.org/keterampilan-menjadi-ethical-hacker/
TANPA SITEMAP,ITGID,,https://itgid.org/apa-yang-terjadi-jika-ethical-hacker-melanggar-kode-etik/,,hidup tapi tidak di sitemap,,https://itgid.org/apa-yang-terjadi-jika-ethical-hacker-melanggar-kode-etik/
TANPA SITEMAP,ITGID,,https://itgid.org/framework-crisc-dan-cara-kerjanya/,,hidup tapi tidak di sitemap,,https://itgid.org/framework-crisc-dan-cara-kerjanya/
TANPA SITEMAP,FSI,,https://fs-institute.org/panduan-aset-tetap-sak-emkm-bisnis-kecil/,,hidup tapi tidak di sitemap,,https://fs-institute.org/panduan-aset-tetap-sak-emkm-bisnis-kecil/
TANPA SITEMAP,Strategy.Proxsis,,https://strategy.proxsisgroup.com/insight/lonjakan-harga-energi-asuransi-dan-logistik-geopolitik-mengubah-peta-bisnis-global,,hidup tapi tidak di sitemap,,https://strategy.proxsisgroup.com/insight/lonjakan-harga-energi-asuransi-dan-logistik-geopolitik-mengubah-peta-bisnis-global
TANPA SITEMAP,Strategy.Proxsis,,https://strategy.proxsisgroup.com/insight/adaptif-2026-jurus-jitu-eksekusi-strategi-bisnis,,hidup tapi tidak di sitemap,,https://strategy.proxsisgroup.com/insight/adaptif-2026-jurus-jitu-eksekusi-strategi-bisnis
TANPA SITEMAP,SSP,,https://synergysolusi.com/english/latest-event/webinar-penyusunan-hazop-synergy-solusi-keselamatan-kerja/,,hidup tapi tidak di sitemap,,https://synergysolusi.com/english/latest-event/webinar-penyusunan-hazop-synergy-solusi-keselamatan-kerja/
TANPA SITEMAP,SSP,,https://synergysolusi.com/english/latest-event/pulang-dengan-selamat-itu-bukan-kebetulan-catatan-dari-sudut-hanggar-gmf-aeroasia/,,hidup tapi tidak di sitemap,,https://synergysolusi.com/english/latest-event/pulang-dengan-selamat-itu-bukan-kebetulan-catatan-dari-sudut-hanggar-gmf-aeroasia/
TANPA SITEMAP,SSI,,https://synergysolusi.com/english/latest-event/8-perusahaan-gandeng-ssi-gelar-training-ahli-k3-listrik/,,hidup tapi tidak di sitemap,,https://synergysolusi.com/english/latest-event/8-perusahaan-gandeng-ssi-gelar-training-ahli-k3-listrik/
TANPA SITEMAP,SSI,,https://synergysolusi.com/english/latest-event/pelatihan-kebakaran-kelas-b-pt-radiant-utama-interinsco/,,hidup tapi tidak di sitemap,,https://synergysolusi.com/english/latest-event/pelatihan-kebakaran-kelas-b-pt-radiant-utama-interinsco/
TANPA SITEMAP,SSI,,https://synergysolusi.com/english/latest-event/training-operator-mesin-produksi-dan-perkakas-kelas-1-pt-softex-indonesia-gandeng-ssi/,,hidup tapi tidak di sitemap,,https://synergysolusi.com/english/latest-event/training-operator-mesin-produksi-dan-perkakas-kelas-1-pt-softex-indonesia-gandeng-ssi/
TANPA SITEMAP,SSI,,https://synergysolusi.com/english/latest-event/training-warehouse-safety-management-pt-panasonic/,,hidup tapi tidak di sitemap,,https://synergysolusi.com/english/latest-event/training-warehouse-safety-management-pt-panasonic/
TANPA SITEMAP,SSI,,https://synergysolusi.com/?p=19868&preview=true,,hidup tapi tidak di sitemap,,https://synergysolusi.com/?p=19868&preview=true
TANPA SITEMAP,ITGID,,https://itgid.org/peretas-muddywater-iran-mulai-menyerang-perusahaan-as-di-tengah-konflik-timur-tengah/,,hidup tapi tidak di sitemap,,https://itgid.org/peretas-muddywater-iran-mulai-menyerang-perusahaan-as-di-tengah-konflik-timur-tengah/
TANPA SITEMAP,ITGID,,https://itgid.org/perang-siber-makin-masif-di-konflik-iran-vs-israel-amerika/,,hidup tapi tidak di sitemap,,https://itgid.org/perang-siber-makin-masif-di-konflik-iran-vs-israel-amerika/
TANPA SITEMAP,ITGID,,https://itgid.org/operasi-senyap-hacker-iran-di-tengah-perang-rudal-timur-tengah/,,hidup tapi tidak di sitemap,,https://itgid.org/operasi-senyap-hacker-iran-di-tengah-perang-rudal-timur-tengah/
TANPA SITEMAP,ITGID,,https://itgid.org/keamanan-siber-6g-global-pedoman-7-negara/,,hidup tapi tidak di sitemap,,https://itgid.org/keamanan-siber-6g-global-pedoman-7-negara/
TANPA SITEMAP,ITGID,,https://itgid.org/poin-framework-iso-iec-27001-yang-harus-anda-ketahui/,,hidup tapi tidak di sitemap,,https://itgid.org/poin-framework-iso-iec-27001-yang-harus-anda-ketahui/
TANPA SITEMAP,ITGID,,https://itgid.org/tips-menyusun-struktur-tim-proyek-iso-27001-di-perusahaan-anda/,,hidup tapi tidak di sitemap,,https://itgid.org/tips-menyusun-struktur-tim-proyek-iso-27001-di-perusahaan-anda/
TANPA SITEMAP,ITGID,,https://itgid.org/kapan-perusahaan-butuh-cyber-security/,,hidup tapi tidak di sitemap,,https://itgid.org/kapan-perusahaan-butuh-cyber-security/
TANPA SITEMAP,IEC Non-BNSP,,https://environment-indonesia.com/perusahaan-bandel-masuk-proper-merah-2026-tanda-bahaya-lingkungan-yang-tak-boleh-diabaikan/,,hidup tapi tidak di sitemap,,https://environment-indonesia.com/perusahaan-bandel-masuk-proper-merah-2026-tanda-bahaya-lingkungan-yang-tak-boleh-diabaikan/
TANPA SITEMAP,SSI,,https://synergysolusi.com/english/latest-event/pelatihan-tenaga-kerja-bangunan-tinggi-pt-lf-services-indonesia/,,hidup tapi tidak di sitemap,,https://synergysolusi.com/english/latest-event/pelatihan-tenaga-kerja-bangunan-tinggi-pt-lf-services-indonesia/
TANPA SITEMAP,SSI,,https://synergysolusi.com/english/latest-event/pelatihan-tenaga-kerja-bangunan-tinggi-pt-fokus-jasa-mitra/,,hidup tapi tidak di sitemap,,https://synergysolusi.com/english/latest-event/pelatihan-tenaga-kerja-bangunan-tinggi-pt-fokus-jasa-mitra/
TANPA SITEMAP,SSI,,https://synergysolusi.com/english/latest-event/pelatihan-operator-conveyor-pt-halmahera-jaya/,,hidup tapi tidak di sitemap,,https://synergysolusi.com/english/latest-event/pelatihan-operator-conveyor-pt-halmahera-jaya/
TANPA SITEMAP,SSI,,https://synergysolusi.com/english/latest-event/pelatihan-operator-manlift-bayer-indonesia/,,hidup tapi tidak di sitemap,,https://synergysolusi.com/english/latest-event/pelatihan-operator-manlift-bayer-indonesia/
TANPA SITEMAP,SSI,,https://synergysolusi.com/english/latest-event/pelatihan-operator-k3-boiler-kelas-2/,,hidup tapi tidak di sitemap,,https://synergysolusi.com/english/latest-event/pelatihan-operator-k3-boiler-kelas-2/
TANPA SITEMAP,ITGID,,https://itgid.org/sertifikasi-crisc-2026-biaya-syarat-strategi-lulus/,,hidup tapi tidak di sitemap,,https://itgid.org/sertifikasi-crisc-2026-biaya-syarat-strategi-lulus/
TANPA SITEMAP,ITGID,,https://itgid.org/pertanyaan-wawancara-crisc-2026-jawaban/,,hidup tapi tidak di sitemap,,https://itgid.org/pertanyaan-wawancara-crisc-2026-jawaban/
TANPA SITEMAP,ITGID,,https://itgid.org/format-ujian-crisc-2026/,,hidup tapi tidak di sitemap,,https://itgid.org/format-ujian-crisc-2026/
TANPA SITEMAP,ITGID,,https://itgid.org/pmi-rmp-vs-crisc/,,hidup tapi tidak di sitemap,,https://itgid.org/pmi-rmp-vs-crisc/
TANPA SITEMAP,ITGID,,https://itgid.org/profesi-it-paling-dicari-2026/,,hidup tapi tidak di sitemap,,https://itgid.org/profesi-it-paling-dicari-2026/
TANPA SITEMAP,ITGID,,https://itgid.org/cyber-security-analyst-indonesia/,,hidup tapi tidak di sitemap,,https://itgid.org/cyber-security-analyst-indonesia/
TANPA SITEMAP,ITGID,,https://itgid.org/gaji-penetration-tester-indonesia/,,hidup tapi tidak di sitemap,,https://itgid.org/gaji-penetration-tester-indonesia/
TANPA SITEMAP,ITGID,,https://itgid.org/tugas-dan-tanggung-jawab-network-engineer/,,hidup tapi tidak di sitemap,,https://itgid.org/tugas-dan-tanggung-jawab-network-engineer/
TANPA SITEMAP,SSP,,https://synergysolusi.com/english/latest-event/integrasi-iso-dan-smk3-pelita-air/,,hidup tapi tidak di sitemap,,https://synergysolusi.com/english/latest-event/integrasi-iso-dan-smk3-pelita-air/
TANPA SITEMAP,IEC Non-BNSP,,https://environment-indonesia.com/?p=19564&preview=true,,hidup tapi tidak di sitemap,,https://environment-indonesia.com/?p=19564&preview=true
TANPA SITEMAP,SSI,,https://synergysolusi.com/english/latest-event/pelatihan-ahli-k3-umum-online/,,hidup tapi tidak di sitemap,,https://synergysolusi.com/english/latest-event/pelatihan-ahli-k3-umum-online/
TANPA SITEMAP,ITGID,,https://itgid.org/anak-muda-bobol-sistem-nasa/,,hidup tapi tidak di sitemap,,https://itgid.org/anak-muda-bobol-sistem-nasa/
TANPA SITEMAP,ITGID,,https://itgid.org/panduan-lengkap-iso-27000/,,hidup tapi tidak di sitemap,,https://itgid.org/panduan-lengkap-iso-27000/
TANPA SITEMAP,ITGID,,https://itgid.org/training-it-praktikal-vs-sertifikasi/,,hidup tapi tidak di sitemap,,https://itgid.org/training-it-praktikal-vs-sertifikasi/
TANPA SITEMAP,ITGID,,https://itgid.org/cyber-security-awareness-karyawan/,,hidup tapi tidak di sitemap,,https://itgid.org/cyber-security-awareness-karyawan/
TANPA SITEMAP,ITGID,,https://itgid.org/alasan-beralih-ke-itil-v5/,,hidup tapi tidak di sitemap,,https://itgid.org/alasan-beralih-ke-itil-v5/
TANPA SITEMAP,ITGID,,https://itgid.org/audit-tata-kelola-ti-cobit-2019/,,hidup tapi tidak di sitemap,,https://itgid.org/audit-tata-kelola-ti-cobit-2019/
TANPA SITEMAP,ITGID,,https://itgid.org/implementasi-cobit-2019-prioritas-governance/,,hidup tapi tidak di sitemap,,https://itgid.org/implementasi-cobit-2019-prioritas-governance/
TANPA SITEMAP,ITGID,,https://itgid.org/information-security-manager/,,hidup tapi tidak di sitemap,,https://itgid.org/information-security-manager/
TANPA SITEMAP,ITGID,,https://itgid.org/pmp-untuk-project-manager-it/,,hidup tapi tidak di sitemap,,https://itgid.org/pmp-untuk-project-manager-it/
TANPA SITEMAP,ITGID,,https://itgid.org/sertifikasi-cgeit-it-governance/,,hidup tapi tidak di sitemap,,https://itgid.org/sertifikasi-cgeit-it-governance/
TANPA SITEMAP,FSI,,https://fs-institute.org/manajemen-keuangan-bisnis/,,hidup tapi tidak di sitemap,,https://fs-institute.org/manajemen-keuangan-bisnis/
TANPA SITEMAP,Strategy.Proxsis,,https://strategy.proxsisgroup.com/insight/cara-membuat-business-flow-chart,,hidup tapi tidak di sitemap,,https://strategy.proxsisgroup.com/insight/cara-membuat-business-flow-chart
TANPA SITEMAP,ITGID,,https://itgid.org/apa-itu-shadow-ai-perusahaan/,,hidup tapi tidak di sitemap,,https://itgid.org/apa-itu-shadow-ai-perusahaan/
TANPA SITEMAP,ITGID,,https://itgid.org/ai-governance-framework-enterprise/,,hidup tapi tidak di sitemap,,https://itgid.org/ai-governance-framework-enterprise/
TANPA SITEMAP,ITGID,,https://itgid.org/implementasi-ai-agent-togaf/,,hidup tapi tidak di sitemap,,https://itgid.org/implementasi-ai-agent-togaf/
TANPA SITEMAP,ITGID,,https://itgid.org/menyatukan-data-cloud-governance-sukses-ai-togaf/,,hidup tapi tidak di sitemap,,https://itgid.org/menyatukan-data-cloud-governance-sukses-ai-togaf/
TANPA SITEMAP,ITGID,,https://itgid.org/strategi-togaf-legacy-system-ai-cloud/,,hidup tapi tidak di sitemap,,https://itgid.org/strategi-togaf-legacy-system-ai-cloud/
TANPA SITEMAP,ITGID,,https://itgid.org/monitoring-tradisional-mati-sre-itil-v5/,,hidup tapi tidak di sitemap,,https://itgid.org/monitoring-tradisional-mati-sre-itil-v5/
TANPA SITEMAP,ITGID,,https://itgid.org/itil-dan-agile-menjinakkan-ai/,,hidup tapi tidak di sitemap,,https://itgid.org/itil-dan-agile-menjinakkan-ai/
TANPA SITEMAP,ITGID,,https://itgid.org/tata-kelola-ai-cobit-togaf-itil/,,hidup tapi tidak di sitemap,,https://itgid.org/tata-kelola-ai-cobit-togaf-itil/
TANPA SITEMAP,ITGID,,https://itgid.org/beda-sertifikasi-itil-cobit-togaf/,,hidup tapi tidak di sitemap,,https://itgid.org/beda-sertifikasi-itil-cobit-togaf/
TANPA SITEMAP,Isocenter,,https://isoindonesiacenter.com/cegah-ancaman-siber-pt-mitra-tekno-madani-tuntaskan-iso-27001-lead-auditor-untuk-perkuat-keamanan-data/,,hidup tapi tidak di sitemap,,https://isoindonesiacenter.com/cegah-ancaman-siber-pt-mitra-tekno-madani-tuntaskan-iso-27001-lead-auditor-untuk-perkuat-keamanan-data/
TANPA SITEMAP,ITGID,,https://itgid.org/sinyal-bahaya-five-eyes-perusahaan-kalah-cepat-dari-ai/,,hidup tapi tidak di sitemap,,https://itgid.org/sinyal-bahaya-five-eyes-perusahaan-kalah-cepat-dari-ai/
TANPA SITEMAP,ITGID,,https://itgid.org/awas-vendor-pintu-belakang-hacker/,,hidup tapi tidak di sitemap,,https://itgid.org/awas-vendor-pintu-belakang-hacker/
TANPA SITEMAP,ITGID,,https://itgid.org/penyebab-kegagalan-manajemen-proyek-it/,,hidup tapi tidak di sitemap,,https://itgid.org/penyebab-kegagalan-manajemen-proyek-it/
TANPA SITEMAP,ITGID,,https://itgid.org/memutus-lingkaran-setan-temuan-audit-ti/,,hidup tapi tidak di sitemap,,https://itgid.org/memutus-lingkaran-setan-temuan-audit-ti/
TANPA SITEMAP,ITGID,,https://itgid.org/risk-register-tidak-cukup-transformasi-risiko-digital-adaptif/,,hidup tapi tidak di sitemap,,https://itgid.org/risk-register-tidak-cukup-transformasi-risiko-digital-adaptif/
TANPA SITEMAP,ITGID,,https://itgid.org/proxsis-ai-hadirkan-layanan-karier-berbasis-ai-di-indonesia-summit-2026/,,hidup tapi tidak di sitemap,,https://itgid.org/proxsis-ai-hadirkan-layanan-karier-berbasis-ai-di-indonesia-summit-2026/
TANPA SITEMAP,ITGID,,https://itgid.org/kesalahan-fatal-it-service-desk/,,hidup tapi tidak di sitemap,,https://itgid.org/kesalahan-fatal-it-service-desk/
TANPA SITEMAP,ITGID,,https://itgid.org/bank-daerah-kebobolan-143-miliar-ancaman-siber-ai/,,hidup tapi tidak di sitemap,,https://itgid.org/bank-daerah-kebobolan-143-miliar-ancaman-siber-ai/
TANPA SITEMAP,ITGID,,https://itgid.org/pelajaran-grc-di-balik-kemitraan-ai-proxsis-digital-dan-lintasarta/,,hidup tapi tidak di sitemap,,https://itgid.org/pelajaran-grc-di-balik-kemitraan-ai-proxsis-digital-dan-lintasarta/
TANPA SITEMAP,ITGID,,https://itgid.org/data-sovereignty-adalah/,,hidup tapi tidak di sitemap,,https://itgid.org/data-sovereignty-adalah/
TANPA SITEMAP,ITGID,,https://itgid.org/alasan-kedaulatan-data-perusahaan/,,hidup tapi tidak di sitemap,,https://itgid.org/alasan-kedaulatan-data-perusahaan/
TANPA SITEMAP,ITGID,,https://itgid.org/implementasi-kedaulatan-data-instansi-pemerintah/,,hidup tapi tidak di sitemap,,https://itgid.org/implementasi-kedaulatan-data-instansi-pemerintah/
TANPA SITEMAP,ITGID,,https://itgid.org/rekomendasi-training-data-sovereignty/,,hidup tapi tidak di sitemap,,https://itgid.org/rekomendasi-training-data-sovereignty/
TANPA SITEMAP,ITGID,,https://itgid.org/ai-governance-vs-ai-security,,hidup tapi tidak di sitemap,,https://itgid.org/ai-governance-vs-ai-security
TANPA SITEMAP,ITGID,,https://itgid.org/memilih-sertifikasi-cybersecurity-karir/,,hidup tapi tidak di sitemap,,https://itgid.org/memilih-sertifikasi-cybersecurity-karir/
TANPA SITEMAP,ITGID,,https://itgid.org/tata-kelola-keamanan-siber-perusahaan/,,hidup tapi tidak di sitemap,,https://itgid.org/tata-kelola-keamanan-siber-perusahaan/
TANPA SITEMAP,ITGID,,https://itgid.org/skill-data-governance-sertifikasi-cdmp/,,hidup tapi tidak di sitemap,,https://itgid.org/skill-data-governance-sertifikasi-cdmp/
TANPA SITEMAP,ITGID,,https://itgid.org/panduan-tata-kelola-ai-ojk-dampak-bagi-sektor-bank/,,hidup tapi tidak di sitemap,,https://itgid.org/panduan-tata-kelola-ai-ojk-dampak-bagi-sektor-bank/
TANPA SITEMAP,Proxsis Infra,,https://infra.proxsisgroup.com/#/insight/4,,hidup tapi tidak di sitemap,,https://infra.proxsisgroup.com/#/insight/4
TANPA SITEMAP,Proxsis Infra,,https://infra.proxsisgroup.com/#/insight/3,,hidup tapi tidak di sitemap,,https://infra.proxsisgroup.com/#/insight/3
TANPA SITEMAP,Proxsis Infra,,https://infra.proxsisgroup.com/#/insight/2,,hidup tapi tidak di sitemap,,https://infra.proxsisgroup.com/#/insight/2
TANPA SITEMAP,Proxsis Infra,,https://infra.proxsisgroup.com/#/insight/1,,hidup tapi tidak di sitemap,,https://infra.proxsisgroup.com/#/insight/1
TANPA SITEMAP,Proxsis Infra,,https://infra.proxsisgroup.com/#/insight/0,,hidup tapi tidak di sitemap,,https://infra.proxsisgroup.com/#/insight/0
